Keyword,Source,Seed
facebook 账号 永久 停 用,Google,Facebook 账号
facebook 账号 被 永久 停 用,Google,Facebook 账号
facebook 账号 被 永久 停 用 怎么 办,Google,Facebook 账号
facebook 账号 被 永久 禁用,Google,Facebook 账号
facebook账号注册,Bing,Facebook 账号
facebook账号注册,Google,Facebook 账号
facebook账号怎么看,Bing,Facebook 账号
facebook账号怎么看,Google,Facebook 账号
facebook 账号,Google,Facebook 账号
英国 facebook 账号,Google,Facebook 账号
facebook账号二维码,Bing,Facebook 账号
facebook账号被停用怎么办,Bing,Facebook 账号
facebook账号被停用怎么办,Google,Facebook 账号
facebook 账号购买,Bing,Facebook 账号
facebook账号注册就被封,Bing,Facebook 账号
facebook账号购买平台,Bing,Facebook 账号
facebook账号注销,Bing,Facebook 账号
facebook账号注销,Google,Facebook 账号
facebook账号被封,Bing,Facebook 账号
facebook账号被封,Google,Facebook 账号
facebook账号怎么注册,Bing,Facebook 账号
facebook账号怎么注册,Google,Facebook 账号
facebook账号申诉,Bing,Facebook 账号
facebook账号申诉,Google,Facebook 账号
facebook账号找回,Bing,Facebook 账号
facebook账号找回,Google,Facebook 账号
facebook 账号 或 密码 无效,Google,Facebook 账号
facebook账号改名字,Google,Facebook 账号
facebook 账号 安全,Google,Facebook 账号
facebook 账号 申请,Google,Facebook 账号
facebook 账号 邮箱,Google,Facebook 账号
facebook账号,Bing,Facebook 账号
facebook账号,Google,Facebook 账号
facebook账号分享,Bing,Facebook 账号
facebook账号分析,Bing,Facebook 账号
facebook账号诚信,Bing,Facebook 账号
facebook账号诚信,Google,Facebook 账号
facebook账号创建,Bing,Facebook 账号
facebook账号创建,Google,Facebook 账号
facebook 账号 查找,Google,Facebook 账号
facebook 账号 怎么 查,Google,Facebook 账号
facebook 账号 封禁,Google,Facebook 账号
facebook 账号 如何 查看,Google,Facebook 账号
facebook账号出售,Bing,Facebook 账号
facebook账号出售批发,Bing,Facebook 账号
facebook账号查询,Bing,Facebook 账号
facebook账号被停用,Google,Facebook 账号
facebook账号登录,Bing,Facebook 账号
facebook账号登录,Google,Facebook 账号
facebook 账号 共享,Google,Facebook 账号
facebook账号怎么注销,Bing,Facebook 账号
facebook账号怎么注销,Google,Facebook 账号
facebook账号恢复,Bing,Facebook 账号
facebook账号恢复,Google,Facebook 账号
facebook账号停用,Bing,Facebook 账号
facebook账号停用,Google,Facebook 账号
facebook账号申诉入口,Google,Facebook 账号
facebook 账号 被 停 用 后 可以 重新 注册 吗,Google,Facebook 账号
facebook账号格式,Bing,Facebook 账号
facebook账号格式,Google,Facebook 账号
facebook账号刚注册就被停用,Bing,Facebook 账号
facebook账号刚注册就被停用,Google,Facebook 账号
facebook 账号 合并,Google,Facebook 账号
facebook 账号 养 号,Google,Facebook 账号
facebook账号共享,Bing,Facebook 账号
facebook账号购买优势,Bing,Facebook 账号
facebook账号购买教程,Bing,Facebook 账号
facebook账号购买方法,Bing,Facebook 账号
facebook账号购买案例,Bing,Facebook 账号
facebook账号购买需求,Bing,Facebook 账号
facebook账号购买风险,Bing,Facebook 账号
facebook账号购买注意事项,Bing,Facebook 账号
facebook 账号 被 封 原因 和 解决 办法 完全 指南,Google,Facebook 账号
facebook账号被盗,Google,Facebook 账号
facebook账号被永久停用,Google,Facebook 账号
facebook账号被停用怎么申诉,Google,Facebook 账号
facebook账号被盗怎么办,Google,Facebook 账号
facebook账号被封怎么办,Google,Facebook 账号
facebook 账号 被 锁定,Google,Facebook 账号
facebook 账号 被 禁用,Google,Facebook 账号
facebook 账号 被 封 原因,Google,Facebook 账号
facebook 账号 登录 不 上,Google,Facebook 账号
facebook账号被封了怎么办,Bing,Facebook 账号
facebook账号被永久封禁了怎么办,Bing,Facebook 账号
facebook账号被锁定,Bing,Facebook 账号
facebook账号被封禁,Bing,Facebook 账号
facebook账号被禁用,Bing,Facebook 账号
facebook账号被停用如何注销,Bing,Facebook 账号
facebook账号被封禁怎么办,Bing,Facebook 账号
facebook账号被停用180天,Bing,Facebook 账号
facebook账号被停用了怎么办,Bing,Facebook 账号
facebook账号被永久停用怎么办,Bing,Facebook 账号
facebook账号定位,Google,Facebook 账号
facebook 账号 代 注册,Google,Facebook 账号
facebook 账号 登录 不了,Google,Facebook 账号
facebook 账号 登录 instagram,Google,Facebook 账号
facebook 账号 登陆 instagram,Google,Facebook 账号
facebook账号大全,Bing,Facebook 账号
facebook账号id,Google,Facebook 账号
facebook 账号 如何 注销,Google,Facebook 账号
facebook 账号 一 注册 就 被 封,Google,Facebook 账号
facebook 账号 如何 注册,Google,Facebook 账号
facebook 账号 如何 查看 具体 注册 日期,Google,Facebook 账号
facebook 账号 如何 绑 定 邮箱,Google,Facebook 账号
facebook 账号 一 注册 就 被 停 用,Google,Facebook 账号
facebook 账号 如何 解 封,Google,Facebook 账号
facebook 账号 如何 找 回,Google,Facebook 账号
facebook 账号 注册 入口,Google,Facebook 账号
facebook 账号 申诉 入口,Google,Facebook 账号
facebook账号登陆ins,Google,Facebook 账号
facebook账号id在哪看,Bing,Facebook 账号
facebook和instagram账号通用吗,Bing,Facebook 账号
facebook 账号 被 停 用,Google,Facebook 账号
facebook 账号 被 封,Google,Facebook 账号
facebook 账号 被 停 用 怎么 办,Google,Facebook 账号
facebook 账号 被 封 了 怎么 办,Google,Facebook 账号
facebook 账号 被 停 用 怎么 申诉,Google,Facebook 账号
facebook 账号 被 限制,Google,Facebook 账号
facebook 账号 被 锁定 了 怎么 办,Google,Facebook 账号
facebook 账号 被 封 申诉,Google,Facebook 账号
facebook账号或密码无效,Bing,Facebook 账号
facebook账号后缀,Bing,Facebook 账号
facebook账号和密码,Bing,Facebook 账号
facebook 账号 链接 在 哪里,Google,Facebook 账号
facebook账号类型,Bing,Facebook 账号
facebook账号类型,Google,Facebook 账号
facebook 老 账户,Google,Facebook 账号
facebook账号老是被封,Bing,Facebook 账号
facebook 账号 内容 品质,Google,Facebook 账号
facebook 账号 在 哪,Google,Facebook 账号
facebook账号密码,Bing,Facebook 账号
facebook账号密码大全免费,Bing,Facebook 账号
facebook账号无法使用,Bing,Facebook 账号
facebook账号名,Bing,Facebook 账号
facebook账号买卖,Bing,Facebook 账号
facebook账号免费,Bing,Facebook 账号
facebook账号名称,Bing,Facebook 账号
facebook账号无法登录,Bing,Facebook 账号
facebook 账号 禁用 申诉 表,Google,Facebook 账号
facebook 账号 管理,Google,Facebook 账号
facebook 账号 可以 注销 吗,Google,Facebook 账号
facebook 账号 改名,Google,Facebook 账号
facebook 账号 解锁,Google,Facebook 账号
facebook 注册 公司 账号,Google,Facebook 账号
facebook 账号 找 回,Google,Facebook 账号
facebook 公司 账号,Google,Facebook 账号
facebook 公共 主页 账号 购买,Google,Facebook 账号
facebook 公共 账号,Google,Facebook 账号
facebook 官方 账号,Google,Facebook 账号
facebook cookie 账号 购买,Google,Facebook 账号
facebook 公共 主页 账号,Google,Facebook 账号
facebook账号可以注销吗,Bing,Facebook 账号
facebook账号卡网,Bing,Facebook 账号
facebook账号可以登录ins吗,Bing,Facebook 账号
facebook 账号 多开,Google,Facebook 账号
facebook账号修改,Google,Facebook 账号
facebook 多 账号,Google,Facebook 账号
facebook 无法 修改 账号,Google,Facebook 账号
facebook 多 账号 管理,Google,Facebook 账号
facebook 多 账号 登录,Google,Facebook 账号
facebook账号禁用申诉表。,Google,Facebook 账号
facebook账号交易平台,Bing,Facebook 账号
facebook账号继承案,Bing,Facebook 账号
facebook账号检测,Bing,Facebook 账号
facebook账号经常被封,Bing,Facebook 账号
facebook 账号批发,Bing,Facebook 账号
facebook账号批发购买,Bing,Facebook 账号
facebook账号申请,Bing,Facebook 账号
facebook账号申请,Google,Facebook 账号
facebook 账号 死活 检测,Google,Facebook 账号
facebook 账号 商店,Google,Facebook 账号
facebook 账号 消失,Google,Facebook 账号
facebook账号申诉邮箱,Google,Facebook 账号
facebook 账号 品质,Google,Facebook 账号
facebook 账号 存活 检测,Google,Facebook 账号
facebook 账号 申诉 页面,Google,Facebook 账号
facebook 注册 新 账号,Google,Facebook 账号
facebook 商城 账号 购买,Google,Facebook 账号
facebook 商业 账号,Google,Facebook 账号
facebook 怎么 切换 账号,Google,Facebook 账号
facebook账号是什么,Bing,Facebook 账号
facebook账号锁定,Bing,Facebook 账号
facebook账号是哪个,Bing,Facebook 账号
facebook账号是邮箱吗,Bing,Facebook 账号
facebook账号删除,Bing,Facebook 账号
facebook账号授权,Bing,Facebook 账号
facebook账号申请审核要多久,Bing,Facebook 账号
facebook 账号 注册,Google,Facebook 账号
facebook 账号 注销,Google,Facebook 账号
facebook 账号 定位,Google,Facebook 账号
facebook 账号 中心,Google,Facebook 账号
facebook 账号 注册 失败,Google,Facebook 账号
facebook 账号 注册 流程,Google,Facebook 账号
facebook 账号 退出,Google,Facebook 账号
facebook 账号 停 用 怎么 办,Google,Facebook 账号
facebook账号停用申诉,Google,Facebook 账号
facebook 账号 注册 教程,Google,Facebook 账号
facebook账号注册时间,Google,Facebook 账号
facebook 账号 友 缘 功能 向 哪些 国家 开放,Google,Facebook 账号
注销 facebook 账号 的 方法,Google,Facebook 账号
facebook账号停用怎么办,Bing,Facebook 账号
facebook账号停用是什么意思,Bing,Facebook 账号
facebook账号如何注册,Bing,Facebook 账号
facebook账号如何注销,Bing,Facebook 账号
facebook账号如何申请,Bing,Facebook 账号
facebook 账号 uid,Google,Facebook 账号
facebook 账号 已 锁定,Google,Facebook 账号
facebook账号运营,Bing,Facebook 账号
facebook账号运营,Google,Facebook 账号
facebook 账号 已 停 用,Google,Facebook 账号
facebook账号无法注册,Google,Facebook 账号
facebook 企业 账号 和 个人 账号 的 区别,Google,Facebook 账号
facebook 设置 私密 账号,Google,Facebook 账号
facebook 账号 无效,Google,Facebook 账号
facebook 账号 二 维 码,Google,Facebook 账号
facebook 账户 无法 创建,Google,Facebook 账号
facebook 账号 密码 大全,Google,Facebook 账号
我 的 facebook 账号,Google,Facebook 账号
facebook账号为什么会被封,Bing,Facebook 账号
facebook账号违反社群守则,Bing,Facebook 账号
facebook账号忘了,Bing,Facebook 账号
facebook账号维护,Bing,Facebook 账号
facebook账号忘记了,Bing,Facebook 账号
facebook账号为什么被停用,Bing,Facebook 账号
facebook账号忘记了怎么办,Bing,Facebook 账号
facebook 停 用 账号,Google,Facebook 账号
facebook 广告 账号 停 用,Google,Facebook 账号
facebook 停 用 账号 恢复,Google,Facebook 账号
facebook 有 企业 账号 吗,Google,Facebook 账号
facebook 账号不可用,Google,Facebook 账号
facebook友缘账号,Google,Facebook 账号
美 区 facebook 账号,Google,Facebook 账号
如何 用 facebook 账号 登录 ins,Google,Facebook 账号
facebook账号永久停用,Bing,Facebook 账号
facebook账号要买吗,Bing,Facebook 账号
facebook账号一直被封,Bing,Facebook 账号
facebook账号一注册就被封,Bing,Facebook 账号
facebook广告号,Bing,Facebook 广告号
facebook广告号,Google,Facebook 广告号
facebook 广告 编号,Google,Facebook 广告号
facebook 广告 行动 号召,Google,Facebook 广告号
facebook 广告 贴 编号,Google,Facebook 广告号
facebook广告号购买,Bing,Facebook 广告号
facebook行动号召广告中预订服务业务的目标是,Bing,Facebook 广告号
facebook广告zh-cn,Bing,Facebook 广告号
facebook广告zh-hk,Bing,Facebook 广告号
facebook广告层级分为广告系列、广告组和广告,Bing,Facebook 广告号
facebook广告层级分为三个部分:广告系列、广告组和广告,Bing,Facebook 广告号
facebook广告zh-tw,Bing,Facebook 广告号
广告语又称为广告标语、广告口号,Bing,Facebook 广告号
facebook账号在哪看,Bing,Facebook 账号
facebook账号在哪看,Google,Facebook 账号
facebook账号质量,Bing,Facebook 账号
facebook账号质量,Google,Facebook 账号
facebook账号注册入口,Bing,Facebook 账号
facebook账号注册入口,Google,Facebook 账号
facebook账号注册官网,Bing,Facebook 账号
facebook账号在线购买,Bing,Facebook 账号
facebook 广告 户,Google,Facebook 广告号
facebook广告账号,Google,Facebook 广告号
facebook 广告账户,Google,Facebook 广告号
facebook 广告账号停用,Google,Facebook 广告号
facebook 广告,Google,Facebook 广告号
facebook广告户,Google,Facebook 广告号
facebook 广告 库,Google,Facebook 广告号
facebook 广告 户 开户,Google,Facebook 广告号
qq for android 去广告,Bing,Facebook 广告号
腾讯广告 帮助中心 qq.com,Bing,Facebook 广告号
facebook 广告 账号,Google,Facebook 广告号
facebook 广告 申诉,Google,Facebook 广告号
sp 广告 sb 广告 sd 广告,Bing,Facebook 广告号
facebook 广告优化,Google,Facebook 广告号
facebook 广告 网址,Google,Facebook 广告号
广告创意标题:z字 广告界的神秘符号,Bing,Facebook 广告号
facebook解封,Bing,Facebook 解封
facebook解封,Google,Facebook 解封
facebook 解封锁,Google,Facebook 解封
facebook 解封鎖,Google,Facebook 解封
facebook 解 封 邮件,Google,Facebook 解封
facebook 解 封 邮箱,Google,Facebook 解封
facebook解封链接,Bing,Facebook 解封
facebook解封需要多久,Bing,Facebook 解封
facebook解封需要多久,Google,Facebook 解封
facebook怎么解封,Bing,Facebook 解封
facebook申请解封,Bing,Facebook 解封
facebook人工解封,Bing,Facebook 解封
facebook账户停用怎么解封,Bing,Facebook 解封
facebook申诉解封,Bing,Facebook 解封
facebook如何解封,Bing,Facebook 解封
facebook官方解封链接,Bing,Facebook 解封
facebook 解封,Google,Facebook 解封
facebook 被封,Google,Facebook 解封
facebook防封,Google,Facebook 解封
fb解封,Google,Facebook 解封
facebook封号,Google,Facebook 解封
facebook封号规则,Google,Facebook 解封
facebook解封锁,Google,Facebook 解封
facebook养号技巧,Bing,Facebook 养号
facebook养号技巧,Google,Facebook 养号
facebook养号攻略,Bing,Facebook 养号
facebook养号攻略,Google,Facebook 养号
facebook养号,Bing,Facebook 养号
facebook养号,Google,Facebook 养号
fb养号,Google,Facebook 养号
facebook养号方法,Bing,Facebook 养号
facebook养号服务,Bing,Facebook 养号
facebook养号工具,Bing,Facebook 养号
facebook养号平台,Bing,Facebook 养号
facebook养号注意事项,Bing,Facebook 养号
facebook养号教程,Bing,Facebook 养号
facebook养号教程,Google,Facebook 养号
facebook养号流程,Bing,Facebook 养号
facebook养号流程,Google,Facebook 养号
facebook养号指南,Bing,Facebook 养号
facebook养号策略,Bing,Facebook 养号
facebook养号软件,Google,Facebook 养号
facebook 养 好,Google,Facebook 养号
facebook如何养号,Bing,Facebook 养号
facebook如何养号,Google,Facebook 养号
facebook怎么养号,Bing,Facebook 养号
facebook怎么养号,Google,Facebook 养号
facebook 养号,Google,Facebook 养号
facebook 养 号 技巧,Google,Facebook 养号
facebook 养 号 教程,Google,Facebook 养号
facebook养号需要一直挂着吗,Bing,Facebook 养号
facebook登录,Bing,Facebook 登录
facebook登录,Google,Facebook 登录
facebook登录不上,Bing,Facebook 登录
facebook登录不上,Google,Facebook 登录
facebook登录不了,Bing,Facebook 登录
facebook登录不了,Google,Facebook 登录
facebook登录页面,Bing,Facebook 登录
facebook登录页面,Google,Facebook 登录
facebook登录验证码,Google,Facebook 登录
facebook登录接入,Google,Facebook 登录
facebook登录界面,Bing,Facebook 登录
facebook登录界面,Google,Facebook 登录
facebook登录入口,Bing,Facebook 登录
facebook登录入口,Google,Facebook 登录
facebook登录instagram,Bing,Facebook 登录
facebook登录instagram,Google,Facebook 登录
facebook登录方式,Bing,Facebook 登录
facebook登录方式,Google,Facebook 登录
facebook登录收不到验证码,Bing,Facebook 登录
facebook登录收不到验证码,Google,Facebook 登录
facebook登录ins,Google,Facebook 登录
facebook 登录sdk,Bing,Facebook 登录
facebook 登录sdk,Google,Facebook 登录
facebook登录注册入口,Bing,Facebook 登录
facebook登录注册入口,Google,Facebook 登录
facebook登录微信,Bing,Facebook 登录
facebook登录微信,Google,Facebook 登录
facebook登录网页版,Bing,Facebook 登录
facebook 登录接入,Bing,Facebook 登录
facebook登录密码,Bing,Facebook 登录
facebook登录代理,Bing,Facebook 登录
facebook登录或注册,Bing,Facebook 登录
facebook登录或注册,Google,Facebook 登录
facebook登录api,Bing,Facebook 登录
facebook登录api,Google,Facebook 登录
facebook 登录 或 注册 https m facebook com,Google,Facebook 登录
facebook 登录 android,Google,Facebook 登录
facebook 登录 账号,Google,Facebook 登录
facebook 登录 许可,Google,Facebook 登录
facebook 登录 编号,Google,Facebook 登录
facebook 登录 不 上去,Google,Facebook 登录
facebook登录按钮,Bing,Facebook 登录
facebook 登录 微信,Google,Facebook 登录
facebook 登录 文档,Google,Facebook 登录
facebook 网页 版 登录,Google,Facebook 登录
facebook 网页 版 登录 入口,Google,Facebook 登录
facebook bm 登录,Google,Facebook 登录
facebook 手机 版 登录,Google,Facebook 登录
如何 用 facebook 登录 微信,Google,Facebook 登录
企业 版 facebook 登录,Google,Facebook 登录
facebook登录不上去怎么办,Bing,Facebook 登录
facebook登录不进去,Bing,Facebook 登录
facebook登录不上怎么办,Bing,Facebook 登录
www facebook com登录,Bing,Facebook 登录
facebook 第 三方 登录,Google,Facebook 登录
facebook 第 三方 登录 失败,Google,Facebook 登录
facebook 第 三方 登录 流程,Google,Facebook 登录
facebook登不上,Google,Facebook 登录
facebook无法登陆,Google,Facebook 登录
facebook登录提示,Bing,Facebook 登录
facebook登录邮箱,Bing,Facebook 登录
facebook无法登录,Google,Facebook 登录
facebook 登录 instagram,Bing,Facebook 登录
flutter facebook 登录,Google,Facebook 登录
facebook 登录 测试,Google,Facebook 登录
facebook 登录 记录,Google,Facebook 登录
facebook登录次数过多,Bing,Facebook 登录
facebook 登录 入口,Google,Facebook 登录
facebook 登录 位置,Google,Facebook 登录
facebook 登录 ios,Google,Facebook 登录
facebook 官网 登录 入口,Google,Facebook 登录
facebook 登录 接 入,Google,Facebook 登录
facebook 登录 注册 入口,Google,Facebook 登录
facebook怎么登录ins,Google,Facebook 登录
facebook 如何 登录 ins,Google,Facebook 登录
fb 登录 ins,Google,Facebook 登录
如何用facebook登录instagram,Bing,Facebook 登录
通过facebook登录instagram,Bing,Facebook 登录
facebook google 登录,Google,Facebook 登录
facebook 个 号 登录,Google,Facebook 登录
facebook 手机 号 登录,Google,Facebook 登录
gmail登录facebook,Google,Facebook 登录
google账号登录facebook,Google,Facebook 登录
facebook登录官网,Bing,Facebook 登录
facebook登录功能已停用,Bing,Facebook 登录
facebook 登录 不了,Google,Facebook 登录
facebook 登录 不 上,Google,Facebook 登录
facebook 登录 方式,Google,Facebook 登录
facebook 登录 不了 游戏,Google,Facebook 登录
facebook 登录 face,Google,Facebook 登录
facebook 登录 配置,Google,Facebook 登录
facebook 登录 不了 怎么 办,Google,Facebook 登录
facebook 登录 方法,Google,Facebook 登录
facebook 登录 不了 tiktok,Google,Facebook 登录
facebook 登录 服务器 验证,Google,Facebook 登录
facebook 不 登录 浏览,Google,Facebook 登录
facebook 商务 平台 登录,Google,Facebook 登录
facebook 登录 收 不 到 验证 码,Google,Facebook 登录
instagram 用 facebook 登录 不了,Google,Facebook 登录
为什么 facebook 登录 不了,Google,Facebook 登录
facebook登录接口,Bing,Facebook 登录
facebook登录教程,Bing,Facebook 登录
facebook 登录 功能 已 停 用,Google,Facebook 登录
facebook 登录 界面,Google,Facebook 登录
facebook 登录 教程,Google,Facebook 登录
facebook 登录 后 才能 继续,Google,Facebook 登录
facebook com 登录,Google,Facebook 登录
facebook cookie 登录,Google,Facebook 登录
facebook 公共 主页 登录,Google,Facebook 登录
facebook 官网 登录,Google,Facebook 登录
facebook 受 限 登录,Google,Facebook 登录
facebook 限制 登录,Google,Facebook 登录
facebook 快捷 登录,Google,Facebook 登录
facebook 更改 登录 邮箱,Google,Facebook 登录
facebook 官方 登录,Google,Facebook 登录
facebook ios 限制 登录,Google,Facebook 登录
facebook登录流程,Bing,Facebook 登录
facebook登录流程,Google,Facebook 登录
facebook 登录 未知 错误,Google,Facebook 登录
facebook 免 登录,Google,Facebook 登录
facebook 免 登录 浏览,Google,Facebook 登录
facebook 开发 者 登录,Google,Facebook 登录
facebook 免 登录 查看,Google,Facebook 登录
facebook 登录 应用 未 启用,Google,Facebook 登录
facebook 免 登录 网站,Google,Facebook 登录
facebook 登录 显示 密码 错误,Google,Facebook 登录
m facebook com 登录,Google,Facebook 登录
facebook 登录 收 不 到 短信 验证 码,Google,Facebook 登录
facebook 怎么 登录 多 个 账号,Google,Facebook 登录
facebook oauth 登录,Google,Facebook 登录
facebook 登录 手机 收 不 到 验证 码,Google,Facebook 登录
facebook 如何 修改 登录 邮箱,Google,Facebook 登录
facebook大陆注册,Google,Facebook 登录
facebook 无法 登录 发生 了 未知 错误,Google,Facebook 登录
facebook官网登录入口,Bing,Facebook 登录
facebook com登录,Bing,Facebook 登录
facebook网页版登录入口,Bing,Facebook 登录
facebook在线登录,Bing,Facebook 登录
facebook官网入口登录,Bing,Facebook 登录
facebook.com 登录,Bing,Facebook 登录
www.facebook.com 登录,Bing,Facebook 登录
facebook - 登录或注册,Bing,Facebook 登录
facebook 登录 信息 有 误,Google,Facebook 登录
facebook 登录 信息 有 误 帐号 或 密码 无效,Google,Facebook 登录
facebook 登录 失败,Google,Facebook 登录
facebook 登录 接口,Google,Facebook 登录
facebook 登录 集成,Google,Facebook 登录
facebook 登录 装置,Google,Facebook 登录
facebook 三方 登录,Google,Facebook 登录
ios facebook 登录 接 入,Google,Facebook 登录
android facebook 登录 接 入,Google,Facebook 登录
facebook登录手机收不到验证码,Bing,Facebook 登录
facebook登录失败,Bing,Facebook 登录
facebook 登录 注册,Google,Facebook 登录
facebook 登录 提示 应用 未 启用,Google,Facebook 登录
facebook 登录 验证 手机 号 不用 了 怎么 办,Google,Facebook 登录
facebook 怎么 退出 登录,Google,Facebook 登录
facebook 退出 登录,Google,Facebook 登录
facebook 谷歌 登录,Google,Facebook 登录
facebook app 退出 登录,Google,Facebook 登录
facebook 手机 登录,Google,Facebook 登录
facebook 手机 退出 登录,Google,Facebook 登录
facebook 手机 登录 不了,Google,Facebook 登录
facebook用谷歌登录,Google,Facebook 登录
facebook 登录 显示 未知 错误,Google,Facebook 登录
facebook vpn,Bing,Facebook 登录
facebook vpn,Google,Facebook 登录
facebook登录whatsapp,Google,Facebook 登录
facebook域名验证,Google,Facebook 登录
如何 用 facebook 登录 whatsapp,Google,Facebook 登录
通过 facebook 登录 whatsapp,Google,Facebook 登录
unity facebook 登录,Google,Facebook 登录
uniapp facebook 登录,Google,Facebook 登录
facebook 登录 和 注册,Google,Facebook 登录
facebook 登录 网址,Google,Facebook 登录
facebook登录网站,Bing,Facebook 登录
facebook 登录我的帐户,Bing,Facebook 登录
facebook登录网址,Bing,Facebook 登录
facebook登录文档,Bing,Facebook 登录
facebook 登录 line,Google,Facebook 登录
facebook 无法 登录 line,Google,Facebook 登录
facebook lite 登录,Google,Facebook 登录
facebook限制登录,Google,Facebook 登录
怎么 用 facebook 登录 line,Google,Facebook 登录
facebook登录信息有误,Bing,Facebook 登录
facebook登录需要翻墙吗,Bing,Facebook 登录
facebook登录显示发生未知错误,Bing,Facebook 登录
facebook登录显示账号或密码无效,Bing,Facebook 登录
facebook 登录 游戏,Google,Facebook 登录
facebook 游客 登录,Google,Facebook 登录
ins 用 facebook 登录,Google,Facebook 登录
用 facebook 登录 instagram,Google,Facebook 登录
怎么 用 facebook 登录 ins,Google,Facebook 登录
facebook登录验证,Bing,Facebook 登录
facebook登录用什么加速器,Bing,Facebook 登录
facebook 在线 登录,Google,Facebook 登录
facebook下载,Bing,Facebook
facebook下载,Google,Facebook
facebook marketplace,Bing,Facebook
facebook marketplace,Google,Facebook
facebook广告资料库,Bing,Facebook
facebook广告资料库,Google,Facebook
facebook网页版,Bing,Facebook
facebook网页版,Google,Facebook
facebook ads library,Bing,Facebook
facebook ads library,Google,Facebook
facebook注册,Bing,Facebook
facebook注册,Google,Facebook
facebook library,Bing,Facebook
facebook library,Google,Facebook
facebook login,Bing,Facebook
facebook login,Google,Facebook
facebook 下载 安卓,Google,Facebook
facebook怎么改名字,Bing,Facebook
facebook怎么改名字,Google,Facebook
facebook官网,Bing,Facebook
facebook官网,Google,Facebook
facebook表情,Google,Facebook
facebook lite,Bing,Facebook
facebook lite,Google,Facebook
facebook messenger,Bing,Facebook
facebook messenger,Google,Facebook
facebook官网下载,Bing,Facebook
facebook视频下载,Bing,Facebook
facebook app,Bing,Facebook
facebook app,Google,Facebook
facebook ads,Bing,Facebook
facebook ads,Google,Facebook
facebook app 下载,Google,Facebook
facebook ads manager,Bing,Facebook
facebook ads manager,Google,Facebook
facebook apk,Bing,Facebook
facebook apk,Google,Facebook
facebook 安卓 安装 包,Google,Facebook
facebook安卓下载,Bing,Facebook
facebook安卓下载,Google,Facebook
facebook api,Bing,Facebook
facebook api,Google,Facebook
facebook安装包,Google,Facebook
facebook apk下载,Google,Facebook
facebook audience insights,Bing,Facebook
facebook audience insights,Google,Facebook
facebook audience network,Bing,Facebook
facebook audience network,Google,Facebook
facebook app下载安卓,Bing,Facebook
facebook business manager,Bing,Facebook
facebook business manager,Google,Facebook
facebook表情包,Google,Facebook
facebook business,Bing,Facebook
facebook business,Google,Facebook
facebook帮助中心,Google,Facebook
facebook背景图尺寸,Google,Facebook
facebook被永久停用怎么办,Google,Facebook
facebook表情符号,Google,Facebook
facebook bm购买,Google,Facebook
facebook business suite,Bing,Facebook
facebook business suite,Google,Facebook
facebook被停用如何解锁,Google,Facebook
facebook被封,Google,Facebook
facebook business account,Bing,Facebook
facebook business account,Google,Facebook
facebook bm是什么,Google,Facebook
facebook创始人,Bing,Facebook
facebook创始人,Google,Facebook
facebook change name,Bing,Facebook
facebook change name,Google,Facebook
facebook ceo,Bing,Facebook
facebook ceo,Google,Facebook
facebook创建公共主页,Google,Facebook
facebook commerce manager,Bing,Facebook
facebook commerce manager,Google,Facebook
facebook 裁员,Google,Facebook
facebook 蔡正元,Google,Facebook
facebook creator studio,Bing,Facebook
facebook creator studio,Google,Facebook
facebook cc客服,Google,Facebook
facebook 陈勤,Google,Facebook
facebook com登入,Bing,Facebook
facebook developer,Bing,Facebook
facebook developer,Google,Facebook
facebook download,Bing,Facebook
facebook download,Google,Facebook
facebook电脑版,Google,Facebook
facebook dating,Bing,Facebook
facebook dating,Google,Facebook
facebook电脑版下载,Google,Facebook
facebook的ai,Google,Facebook
facebook的reels是什么,Google,Facebook
facebook点赞,Google,Facebook
facebook店铺,Google,Facebook
facebook delete account,Bing,Facebook
facebook delete account,Google,Facebook
facebook的图标,Google,Facebook
facebook 登入,Google,Facebook
facebook发帖技巧,Google,Facebook
facebook符号,Google,Facebook
facebook封面照片尺寸,Google,Facebook
facebook feed,Bing,Facebook
facebook feed,Google,Facebook
facebook翻译,Google,Facebook
facebook封面尺寸,Google,Facebook
facebook封面照片,Google,Facebook
facebook for developers,Bing,Facebook
facebook for developers,Google,Facebook
facebook粉丝,Google,Facebook
facebook封面,Google,Facebook
facebook发帖图片尺寸,Google,Facebook
facebook for business,Bing,Facebook
facebook for business,Google,Facebook
facebook for mac,Bing,Facebook
facebook for mac,Google,Facebook
facebook emoji,Bing,Facebook
facebook emoji,Google,Facebook
facebook二维码,Google,Facebook
facebook二维码在哪里,Google,Facebook
facebook 二手,Google,Facebook
facebook events,Bing,Facebook
facebook events,Google,Facebook
facebook email,Bing,Facebook
facebook email,Google,Facebook
facebook二解号购买,Google,Facebook
facebook二手市场,Google,Facebook
facebook二维码生成,Google,Facebook
facebook 二阶段验证,Google,Facebook
facebook俄罗斯方块,Google,Facebook
facebook二手社团,Google,Facebook
facebook 官网,Google,Facebook
facebook广告库,Google,Facebook
facebook广告,Google,Facebook
facebook改名字,Google,Facebook
facebook groups,Bing,Facebook
facebook groups,Google,Facebook
facebook 购买,Google,Facebook
facebook广告投放教程,Google,Facebook
facebook公共主页,Google,Facebook
facebook股票,Google,Facebook
facebook刚注册就被封,Google,Facebook
facebook广告投放技巧,Google,Facebook
facebook广告投放,Bing,Facebook
facebook广告投放,Google,Facebook
facebook 官网 下载,Google,Facebook
facebook公共主页怎么改名字,Google,Facebook
facebook官网入口,Bing,Facebook
facebook改名,Bing,Facebook
facebook 官网 登陆 入口,Bing,Facebook
facebook help center,Bing,Facebook
facebook help center,Google,Facebook
facebook号,Google,Facebook
facebook和instagram的区别,Google,Facebook
facebook和x的区别,Google,Facebook
facebook号商,Google,Facebook
facebook和meta的关系,Google,Facebook
facebook help,Bing,Facebook
facebook help,Google,Facebook
facebook和meta,Google,Facebook
facebook合创广告,Google,Facebook
facebook hashtag generator,Bing,Facebook
facebook hashtag generator,Google,Facebook
facebook和facebook lite的区别,Google,Facebook
facebook和instagram同步,Google,Facebook
facebook和twitter区别,Google,Facebook
facebook换名字,Google,Facebook
facebook和twitter的区别,Bing,Facebook
facebook icon,Bing,Facebook
facebook icon,Google,Facebook
facebook insights,Bing,Facebook
facebook insights,Google,Facebook
facebook id,Bing,Facebook
facebook id,Google,Facebook
facebook id在哪里看,Google,Facebook
facebook id 查询,Google,Facebook
facebook instagram,Bing,Facebook
facebook instagram,Google,Facebook
facebook instant games,Bing,Facebook
facebook instant games,Google,Facebook
facebook icon png,Bing,Facebook
facebook icon png,Google,Facebook
facebook ios,Bing,Facebook
facebook ios,Google,Facebook
facebook install,Bing,Facebook
facebook install,Google,Facebook
facebook inc,Bing,Facebook
facebook inc,Google,Facebook
facebook 今天 怎么 了,Google,Facebook
facebook解析,Google,Facebook
facebook介绍,Google,Facebook
facebook解析下载,Google,Facebook
facebook jobs,Bing,Facebook
facebook jobs,Google,Facebook
facebook加好友,Google,Facebook
facebook镜像,Google,Facebook
facebook交流,Google,Facebook
facebook接码,Google,Facebook
facebook矩阵,Google,Facebook
facebook建立公共主页,Google,Facebook
facebook 加 好友 技巧,Google,Facebook
facebook 交友建议,Google,Facebook
facebook 今昔对比,Google,Facebook
facebook加速器,Bing,Facebook
facebook 开发者,Google,Facebook
facebook客服,Bing,Facebook
facebook客服,Google,Facebook
facebook开发者账号,Bing,Facebook
facebook开发者账号,Google,Facebook
facebook开发客户,Google,Facebook
facebook 客服 邮箱,Google,Facebook
facebook开发者平台,Bing,Facebook
facebook开发者平台,Google,Facebook
facebook开发者后台,Google,Facebook
facebook可以改名字吗,Google,Facebook
facebook开户,Google,Facebook
facebook开店,Google,Facebook
facebook客服联系方式,Google,Facebook
facebook客服电话,Google,Facebook
facebook 客服 电话 24 小时,Google,Facebook
facebook可以用谷歌账号登录吗,Google,Facebook
facebook开发者账号购买,Google,Facebook
facebook logo,Bing,Facebook
facebook logo,Google,Facebook
facebook论坛,Google,Facebook
facebook live,Bing,Facebook
facebook live,Google,Facebook
facebook老板,Google,Facebook
facebook老号购买,Google,Facebook
facebook浏览记录,Google,Facebook
facebook lite是什么,Google,Facebook
facebook蓝v认证,Google,Facebook
facebook垃圾箱在哪里,Google,Facebook
facebook能改名字吗,Google,Facebook
facebook 匿名回覆,Google,Facebook
facebook 匿名发文,Google,Facebook
facebook 匿名回应,Google,Facebook
facebook new account,Bing,Facebook
facebook new account,Google,Facebook
facebook 年龄限制,Google,Facebook
facebook能看到访客记录吗,Google,Facebook
facebook 内容营利,Google,Facebook
facebook news,Bing,Facebook
facebook news,Google,Facebook
facebook 你的捷径,Google,Facebook
facebook内容变现,Google,Facebook
facebook逆向,Google,Facebook
facebook name change,Bing,Facebook
facebook name change,Google,Facebook
facebook哪个国家用的多,Google,Facebook
facebook 昵称,Google,Facebook
facebook open,Bing,Facebook
facebook open,Google,Facebook
facebook oauth,Bing,Facebook
facebook oauth,Google,Facebook
facebook owner,Bing,Facebook
facebook owner,Google,Facebook
facebook old version,Bing,Facebook
facebook old version,Google,Facebook
facebook official,Bing,Facebook
facebook official,Google,Facebook
facebook oauth2,Bing,Facebook
facebook oauth2,Google,Facebook
facebook oauth 设定,Google,Facebook
facebook oculus,Bing,Facebook
facebook oculus,Google,Facebook
facebook meta,Bing,Facebook
facebook meta,Google,Facebook
facebook名字怎么改,Google,Facebook
facebook买号,Google,Facebook
facebook marketplace是什么,Google,Facebook
facebook目录广告,Google,Facebook
facebook marketplace无法使用,Google,Facebook
facebook名字怎么修改,Google,Facebook
facebook marketplace官网,Bing,Facebook
facebook messenger 下载,Bing,Facebook
facebook pixel,Bing,Facebook
facebook pixel,Google,Facebook
facebook page,Bing,Facebook
facebook page,Google,Facebook
facebook pixel helper,Bing,Facebook
facebook pixel helper,Google,Facebook
facebook批发,Google,Facebook
facebook post,Bing,Facebook
facebook post,Google,Facebook
facebook 爬虫,Google,Facebook
facebook pc,Bing,Facebook
facebook pc,Google,Facebook
facebook prophet,Bing,Facebook
facebook prophet,Google,Facebook
facebook pay,Bing,Facebook
facebook pay,Google,Facebook
facebook poke 意思,Google,Facebook
facebook pc版,Bing,Facebook
facebook pc版,Google,Facebook
facebook群组,Bing,Facebook
facebook群组,Google,Facebook
facebook企业账户,Google,Facebook
facebook企业账户注册,Google,Facebook
facebook qr code,Bing,Facebook
facebook qr code,Google,Facebook
facebook企业认证,Google,Facebook
facebook企业版,Google,Facebook
facebook 企业 账户 购买,Google,Facebook
facebook 请 上传 一 张 您 本人 的 照片 要求 清楚 地 展示 您 的 面部,Google,Facebook
facebook清除缓存,Google,Facebook
facebook 取消追踪,Google,Facebook
facebook 全球 用户 分布,Google,Facebook
facebook 清除 快 取 ios,Google,Facebook
facebook企业号,Google,Facebook
facebook 去广告,Google,Facebook
facebook切换账号,Google,Facebook
facebook企业账号注册,Bing,Facebook
facebook去水印,Bing,Facebook
facebook视频解析,Google,Facebook
facebook素材库,Google,Facebook
facebook stock,Bing,Facebook
facebook stock,Google,Facebook
facebook申诉,Google,Facebook
facebook视频,Google,Facebook
facebook身份验证,Google,Facebook
facebook是什么,Bing,Facebook
facebook是什么,Google,Facebook
facebook shop,Bing,Facebook
facebook shop,Google,Facebook
facebook收不到验证码,Google,Facebook
facebook商务管理平台,Google,Facebook
facebook视频下载网站,Google,Facebook
facebook是干嘛的,Google,Facebook
facebook删除公共主页,Google,Facebook
facebook社群守则,Google,Facebook
facebook是什么软件,Bing,Facebook
facebook如何改名字,Google,Facebook
facebook reels,Bing,Facebook
facebook reels,Google,Facebook
facebook人脸验证,Google,Facebook
facebook 人工 客服 电话,Google,Facebook
facebook register,Bing,Facebook
facebook register,Google,Facebook
facebook人工客服,Google,Facebook
facebook如何加好友,Google,Facebook
facebook如何修改名字,Google,Facebook
facebook如何创建公共主页,Google,Facebook
facebook如何注册,Google,Facebook
facebook如何删除公共主页,Google,Facebook
facebook reels是什么,Google,Facebook
facebook如何注销账号,Google,Facebook
facebook如何改名,Google,Facebook
facebook如何退出登录,Google,Facebook
facebook 入口,Bing,Facebook
facebook user privacy settlement,Bing,Facebook
facebook user privacy settlement,Google,Facebook
facebook unity sdk,Bing,Facebook
facebook unity sdk,Google,Facebook
facebook update,Bing,Facebook
facebook update,Google,Facebook
facebook uk,Bing,Facebook
facebook uk,Google,Facebook
facebook uid,Bing,Facebook
facebook uid,Google,Facebook
facebook uid查询,Google,Facebook
facebook图标,Bing,Facebook
facebook图标,Google,Facebook
facebook图片尺寸,Google,Facebook
facebook投流,Bing,Facebook
facebook投流,Google,Facebook
facebook头像,Google,Facebook
facebook图片下载,Google,Facebook
facebook图片,Bing,Facebook
facebook图片,Google,Facebook
facebook投流教程,Google,Facebook
facebook图书馆,Google,Facebook
facebook投放,Google,Facebook
facebook头像尺寸,Google,Facebook
facebook推广,Google,Facebook
facebook投放教程,Google,Facebook
facebook特殊字体,Google,Facebook
facebook推广技巧,Google,Facebook
facebook 网页 版 登入,Google,Facebook
facebook 网页 版 手机,Google,Facebook
facebook网页,Google,Facebook
facebook watch,Bing,Facebook
facebook watch,Google,Facebook
facebook忘记密码,Google,Facebook
facebook web,Bing,Facebook
facebook web,Google,Facebook
facebook无法注册,Google,Facebook
facebook wiki,Bing,Facebook
facebook wiki,Google,Facebook
facebook website,Bing,Facebook
facebook website,Google,Facebook
facebook网站,Google,Facebook
facebook无水印,Google,Facebook
facebook文案生成器,Google,Facebook
facebook维基百科,Google,Facebook
facebook忘记密码怎么办,Google,Facebook
facebook windows下载,Bing,Facebook
facebook video,Bing,Facebook
facebook video,Google,Facebook
facebook viewer,Bing,Facebook
facebook viewer,Google,Facebook
facebook vietnam,Bing,Facebook
facebook vietnam,Google,Facebook
facebook 下载 安卓 版 中文,Google,Facebook
facebook 下載 apk,Google,Facebook
facebook仙女座,Google,Facebook
facebook 修改名字,Google,Facebook
facebook下载安卓版,Bing,Facebook
facebook下载安卓版,Google,Facebook
facebook仙女座算法,Google,Facebook
facebook像素,Google,Facebook
facebook下載,Google,Facebook
facebook修改密码,Google,Facebook
facebook 下载 华为,Google,Facebook
facebook相当于国内的什么软件,Google,Facebook
facebook小游戏,Google,Facebook
facebook下载图片,Google,Facebook
facebook下载安卓,Bing,Facebook
facebook下载电脑版,Bing,Facebook
facebook 小平整骨院,Bing,Facebook
facebook 香港,Bing,Facebook
facebook相当于中国的什么软件,Bing,Facebook
facebook现在叫什么,Bing,Facebook
facebook下载官方网站,Bing,Facebook
facebook邮箱,Bing,Facebook
facebook邮箱,Google,Facebook
facebook隐私政策,Google,Facebook
facebook 运营,Google,Facebook
facebook有访客记录吗,Google,Facebook
facebook有什么好玩的,Google,Facebook
facebook邮箱注册没反应,Google,Facebook
facebook音乐库,Google,Facebook
facebook营销,Google,Facebook
facebook运营教程,Google,Facebook
facebook语言设置,Google,Facebook
facebook一级代理,Google,Facebook
facebook邮箱注册,Bing,Facebook
facebook运营,Bing,Facebook
facebook 影片下載,Bing,Facebook
facebook资料库,Google,Facebook
facebook注册教程,Bing,Facebook
facebook注册教程,Google,Facebook
facebook字体,Google,Facebook
facebook主页,Google,Facebook
facebook怎么加好友,Bing,Facebook
facebook怎么加好友,Google,Facebook
facebook怎么修改名字,Google,Facebook
facebook怎么注销账号,Google,Facebook
facebook注销,Google,Facebook
facebook怎么改名,Google,Facebook
facebook注册就被封,Bing,Facebook
facebook怎么注册,Bing,Facebook
facebook 中文,Bing,Facebook
facebook 中文网,Bing,Facebook
